{"cameraMode":{"drawMode":0,"name":"Shaded","section":"Shading Mode"},"sceneLighting":false,"audioPlay":false,"sceneViewState":{"showFog":true,"showMaterialUpdate":false,"showSkybox":true,"showFlares":true,"showImageEffects":true,"showParticleSystems":true},"in2DMode":false,"pivot":{"x":-0.32094717025756838,"y":1.9157781600952149,"z":-4.623095989227295},"rotation":{"x":-0.11773193627595902,"y":0.8685636520385742,"z":-0.24770088493824006,"w":-0.4128335416316986},"size":4.954371452331543,"orthographic":false}